Emp ID,Name Prefix,First Name,Middle Initial,Last Name,Gender,E Mail,Date of Birth,Date of Joining,Salary
1506,Dr.,Stephen,L,Laing,M,stephen.laing@gmail.com,03/21/1984,11/08/2005,162452
61047,Ms.,Stephen,Q,Laing,F,stephen.laing@gmail.com,03/03/1979,09/12/2008,104827
23911,Dr.,Neville,I,Griffis,M,neville.griffis@gmail.com,01/20/1973,05/09/2006,128888
34716,Mr.,Neville,O,Griffis,M,neville.griffis@gmail.com,07/05/1991,12/03/2013,159457
2865,Mrs.,Merri,Z,Mullens,F,merri.mullens@gmail.com,06/12/1985,02/18/2015,191365
17755,Mrs.,Merri,U,Mullens,F,merri.mullens@gmail.com,02/24/1963,03/25/2005,126476
17508,Prof.,Kelley,Q,Nice,M,kelley.nice@gmail.com,12/02/1992,04/02/2014,174759
40983,Mr.,Kelley,O,Nice,M,kelley.nice@gmail.com,01/05/1982,11/28/2007,47303
8683,Dr.,Homer,O,Ramon,M,homer.ramon@gmail.com,07/09/1991,07/27/2012,104865
27881,Hon.,Homer,K,Ramon,M,homer.ramon@gmail.com,04/07/1994,03/15/2017,198321
